[
    {
        "id": "1",
        "author": "bksai30@gmail.com",
        "movieTitle": "catch me if you can",
        "content": "The best movie i have seen this year",
        "rating": 5,
        "anonymous": false,
        "profileIcon": "\ud83c\udf1f",
        "moviePoster": "https://m.media-amazon.com/images/M/MV5BMTY5MzYzNjc5NV5BMl5BanBnXkFtZTYwNTUyNTc2._V1_SX300.jpg",
        "movieYear": "2002",
        "moviePlot": "Barely 17 yet, Frank is a skilled forger who has passed as a doctor, lawyer and pilot. FBI agent Carl becomes obsessed with tracking down the con man, who only revels in the pursuit.",
        "timestamp": "2026-02-14 01:56:18.003107",
        "comments": [
            {
                "id": "1",
                "author": "admin@gmail.com",
                "content": "A go to movie for me when i am depressed",
                "profileIcon": "\u26be",
                "timestamp": "2026-02-14 02:05:57.707068"
            }
        ]
    },
    {
        "id": "2",
        "author": "bksai30@gmail.com",
        "movieTitle": "the pursuit of happyness",
        "content": "one of the few movies that has made me emotional\n",
        "rating": 5,
        "anonymous": true,
        "profileIcon": "\ud83d\udc64",
        "moviePoster": "https://m.media-amazon.com/images/M/MV5BMTQ5NjQ0NDI3NF5BMl5BanBnXkFtZTcwNDI0MjEzMw@@._V1_SX300.jpg",
        "movieYear": "2006",
        "moviePlot": "A struggling salesman takes custody of his son as he's poised to begin a life-changing professional career.",
        "timestamp": "2026-02-14 01:58:28.454561",
        "comments": [
            {
                "id": "1",
                "author": "admin@gmail.com",
                "content": "same here ",
                "profileIcon": "\u26be",
                "timestamp": "2026-02-14 02:05:28.197178"
            }
        ]
    },
    {
        "id": "3",
        "author": "admin@gmail.com",
        "movieTitle": "cast away",
        "content": "Great movie",
        "rating": 4,
        "anonymous": false,
        "profileIcon": "\u26be",
        "moviePoster": "https://m.media-amazon.com/images/M/MV5BOGNjNDI5ZGQtZjRjMy00NzQyLWFiYzQtYjcwNjM3ZDYwNThhXkEyXkFqcGc@._V1_SX300.jpg",
        "movieYear": "2000",
        "moviePlot": "A FedEx executive undergoes a physical and emotional transformation after crash landing on a deserted island.",
        "timestamp": "2026-02-14 02:06:35.999998",
        "comments": []
    }
]